{
  "initialization_time_control": 0.11776304244995117,
  "execution_time_control": 171.6275475025177,
  "total_time": 171.74531054496765
}