{
  "initialization_time_control": 0.12255001068115234,
  "execution_time_control": 652.7733016014099,
  "total_time": 652.8958516120911
}