{
  "initialization_time_control": 0.10796689987182617,
  "execution_time_control": 820.2950127124786,
  "total_time": 820.4029796123505
}