{
  "initialization_time_control": 0.12825584411621094,
  "execution_time_control": 136.9824993610382,
  "total_time": 137.11075520515442
}