{
  "initialization_time_control": 0.1498088836669922,
  "execution_time_control": 191.51733326911926,
  "total_time": 191.66714215278625
}