{
  "initialization_time_control": 0.15268707275390625,
  "execution_time_control": 172.6849775314331,
  "total_time": 172.837664604187
}