{
  "initialization_time_control": 0.1535203456878662,
  "execution_time_control": 149.99331164360046,
  "total_time": 150.14683198928833
}