{
  "initialization_time_control": 0.11406350135803223,
  "execution_time_control": 4873.397362232208,
  "total_time": 4873.511425733566
}