{
  "initialization_time_control": 0.14989829063415527,
  "execution_time_control": 9409.699248075485,
  "total_time": 9409.84914636612
}