{
  "initialization_time_control": 0.14880800247192383,
  "execution_time_control": 123.0488600730896,
  "total_time": 123.19766807556152
}