{
  "initialization_time_control": 0.10930705070495605,
  "execution_time_control": 132.36045789718628,
  "total_time": 132.46976494789124
}