{
  "initialization_time_control": 0.10604572296142578,
  "execution_time_control": 192.7489116191864,
  "total_time": 192.85495734214783
}