{
  "initialization_time_control": 0.10760831832885742,
  "execution_time_control": 113.8344943523407,
  "total_time": 113.94210267066956
}