{
  "initialization_time_control": 0.10544729232788086,
  "execution_time_control": 99.61788368225098,
  "total_time": 99.72333097457886
}