{
  "initialization_time_control": 0.10686755180358887,
  "execution_time_control": 1274.0015697479248,
  "total_time": 1274.1084372997284
}