{
  "initialization_time_control": 0.11072635650634766,
  "execution_time_control": 304.07025170326233,
  "total_time": 304.1809780597687
}