{
  "initialization_time_control": 0.11170816421508789,
  "execution_time_control": 139.4009439945221,
  "total_time": 139.51265215873718
}