{
  "initialization_time_control": 0.1502230167388916,
  "execution_time_control": 294.4313383102417,
  "total_time": 294.5815613269806
}