{
  "initialization_time_control": 0.1711738109588623,
  "execution_time_control": 159.68881130218506,
  "total_time": 159.85998511314392
}