{
  "initialization_time_control": 0.17731904983520508,
  "execution_time_control": 67.26555323600769,
  "total_time": 67.4428722858429
}