{
  "initialization_time_control": 0.17873191833496094,
  "execution_time_control": 129.79230260849,
  "total_time": 129.97103452682495
}