{
  "initialization_time_control": 0.1889328956604004,
  "execution_time_control": 62.74026155471802,
  "total_time": 62.92919445037842
}