{
  "initialization_time_control": 0.18450522422790527,
  "execution_time_control": 71.93131828308105,
  "total_time": 72.11582350730896
}