{
  "initialization_time_control": 0.20641350746154785,
  "execution_time_control": 49.23115277290344,
  "total_time": 49.43756628036499
}