{
  "initialization_time_control": 0.18486237525939941,
  "execution_time_control": 150.887051820755,
  "total_time": 151.0719141960144
}