{
  "initialization_time_control": 0.15234041213989258,
  "execution_time_control": 122.96865630149841,
  "total_time": 123.1209967136383
}