{
  "initialization_time_control": 0.23326754570007324,
  "execution_time_control": 3576.914170742035,
  "total_time": 3577.147438287735
}