{
  "initialization_time_control": 0.15009760856628418,
  "execution_time_control": 125.77885150909424,
  "total_time": 125.92894911766052
}