{
  "initialization_time_control": 0.15746021270751953,
  "execution_time_control": 4214.689752340317,
  "total_time": 4214.847212553024
}