{
  "initialization_time_control": 0.12614941596984863,
  "execution_time_control": 62.87945771217346,
  "total_time": 63.00560712814331
}