{
  "initialization_time_control": 0.11894655227661133,
  "execution_time_control": 75.24052333831787,
  "total_time": 75.35946989059448
}