{
  "initialization_time_control": 0.19002413749694824,
  "execution_time_control": 57.312512159347534,
  "total_time": 57.50253629684448
}