{
  "initialization_time_control": 0.13142895698547363,
  "execution_time_control": 68.23662209510803,
  "total_time": 68.3680510520935
}