{
  "initialization_time_control": 0.11955618858337402,
  "execution_time_control": 79.43887829780579,
  "total_time": 79.55843448638916
}