{
  "initialization_time_planning": 1.6433887481689453,
  "execution_time_planning": 110.47790241241455,
  "total_time": 112.1212911605835
}