{
  "initialization_time_planning": 0.13848614692687988,
  "execution_time_planning": 79.03250932693481,
  "total_time": 79.1709954738617
}