{
  "initialization_time_planning": 0.20441842079162598,
  "execution_time_planning": 80.1960380077362,
  "total_time": 80.40045642852783
}